{"cameraMode":{"drawMode":0,"name":"Shaded","section":"Shading Mode"},"sceneLighting":false,"audioPlay":false,"sceneViewState":{"showFog":true,"showMaterialUpdate":false,"showSkybox":true,"showFlares":true,"showImageEffects":true,"showParticleSystems":true},"in2DMode":false,"pivot":{"x":33.9833869934082,"y":-16.18326759338379,"z":15.779974937438965},"rotation":{"x":0.14543668925762177,"y":-0.5876842737197876,"z":0.10839703679084778,"w":0.788496732711792},"size":60.804962158203128,"orthographic":false}