{"cameraMode":{"drawMode":0,"name":"Shaded","section":"Shading Mode"},"sceneLighting":false,"audioPlay":false,"sceneViewState":{"showFog":true,"showMaterialUpdate":false,"showSkybox":false,"showFlares":true,"showImageEffects":true,"showParticleSystems":true},"in2DMode":false,"pivot":{"x":1.922318935394287,"y":2.881168842315674,"z":1.9905853271484376},"rotation":{"x":-0.23454104363918305,"y":0.41533008217811587,"z":-0.11173645406961441,"w":-0.8717918395996094},"size":22.179445266723634,"orthographic":false}